{"cameraMode":{"drawMode":0,"name":"Shaded","section":"Shading Mode"},"sceneLighting":true,"audioPlay":false,"sceneViewState":{"showFog":true,"showMaterialUpdate":false,"showSkybox":false,"showFlares":true,"showImageEffects":true,"showParticleSystems":true},"in2DMode":false,"pivot":{"x":-1.1646510362625123,"y":-11.134114265441895,"z":10.582536697387696},"rotation":{"x":-0.08122925460338593,"y":0.8600524067878723,"z":-0.14481069147586823,"w":-0.48243266344070437},"size":38.77121353149414,"orthographic":false}